,Young's Modulus Error(Pa),Young's Modulus(Pa)
Brass 1,553392892.204732,110814022723.06346
Brass 2,885237091.2053972,116552022736.23395
Brass 3,114670915.10165857,115972560630.61684
